{
	"info": {
		"_postman_id": "61251bbf-cb35-4056-b0f2-087564c79192",
		"name": "seedly",
		"schema": "https://schema.getpostman.com/json/collection/v2.1.0/collection.json",
		"_exporter_id": "43200383",
		"_collection_link": "https://winter-robot-312364.postman.co/workspace/winter-robot-312364-Workspace~c75160fa-e982-40aa-86f9-882e4ef32d6a/collection/43200383-61251bbf-cb35-4056-b0f2-087564c79192?action=share&source=collection_link&creator=43200383"
	},
	"item": [
		{
			"name": "ADMIN",
			"item": [
				{
					"name": "season",
					"item": [
						{
							"name": "season/add",
							"request": {
								"auth": {
									"type": "noauth"
								},
								"method": "POST",
								"header": [
									{
										"key": "Authorization",
										"value": "eyJhbGciOiJIUzI1NiIsInR5cCI6IkpXVCJ9.eyJuYW1lIjoiYWRtaW4xIiwiZW1haWwiOiJhZG1pbkBnbWFpbC5jb20iLCJ1c2VySWQiOiI2OTYwOTczMmJiMjg4ODk0NmU5ZmZiZGMiLCJ1c2VyVHlwZSI6IjEiLCJpYXQiOjE3Njc5NTQ5NTAsImV4cCI6MTc2ODA0MTM1MH0.17ckJZzXlc4nptMrYNII2VllZbYd7c9R-n9jPmkLIdc",
										"type": "text"
									}
								],
								"body": {
									"mode": "urlencoded",
									"urlencoded": [
										{
											"key": "seasonName",
											"value": "seasonal",
											"type": "text"
										},
										{
											"key": "startMonth",
											"value": "jan",
											"type": "text"
										},
										{
											"key": "endMonth",
											"value": "dec",
											"type": "text"
										}
									]
								},
								"url": {
									"raw": "http://localhost:3000/admin/season/add",
									"protocol": "http",
									"host": [
										"localhost"
									],
									"port": "3000",
									"path": [
										"admin",
										"season",
										"add"
									]
								}
							},
							"response": []
						},
						{
							"name": "update",
							"request": {
								"method": "POST",
								"header": [
									{
										"key": "Authorization",
										"value": "eyJhbGciOiJIUzI1NiIsInR5cCI6IkpXVCJ9.eyJuYW1lIjoiYWRtaW4xIiwiZW1haWwiOiJhZG1pbkBnbWFpbC5jb20iLCJ1c2VySWQiOiI2OTYwOTczMmJiMjg4ODk0NmU5ZmZiZGMiLCJ1c2VyVHlwZSI6IjEiLCJpYXQiOjE3Njc5NTQ5NTAsImV4cCI6MTc2ODA0MTM1MH0.17ckJZzXlc4nptMrYNII2VllZbYd7c9R-n9jPmkLIdc",
										"type": "text"
									}
								],
								"body": {
									"mode": "urlencoded",
									"urlencoded": [
										{
											"key": "seasonName",
											"value": "winter",
											"type": "text"
										},
										{
											"key": "startMonth",
											"value": "october",
											"type": "text"
										},
										{
											"key": "endMonth",
											"value": "March",
											"type": "text"
										}
									]
								},
								"url": {
									"raw": "{{baseURL}}/admin/season/update",
									"host": [
										"{{baseURL}}"
									],
									"path": [
										"admin",
										"season",
										"update"
									]
								}
							},
							"response": []
						},
						{
							"name": "softDelete",
							"request": {
								"method": "POST",
								"header": [
									{
										"key": "Authorization",
										"value": "eyJhbGciOiJIUzI1NiIsInR5cCI6IkpXVCJ9.eyJuYW1lIjoiYWRtaW4xIiwiZW1haWwiOiJhZG1pbkBnbWFpbC5jb20iLCJ1c2VySWQiOiI2OTYwOTczMmJiMjg4ODk0NmU5ZmZiZGMiLCJ1c2VyVHlwZSI6IjEiLCJpYXQiOjE3Njc5NTQ5NTAsImV4cCI6MTc2ODA0MTM1MH0.17ckJZzXlc4nptMrYNII2VllZbYd7c9R-n9jPmkLIdc",
										"type": "text"
									}
								],
								"body": {
									"mode": "urlencoded",
									"urlencoded": [
										{
											"key": "seasonName",
											"value": "seasonal",
											"type": "text"
										}
									]
								},
								"url": {
									"raw": "{{baseURL}}/admin/season/softDelete",
									"host": [
										"{{baseURL}}"
									],
									"path": [
										"admin",
										"season",
										"softDelete"
									]
								}
							},
							"response": []
						},
						{
							"name": "delete",
							"request": {
								"method": "POST",
								"header": [
									{
										"key": "Authorization",
										"value": "eyJhbGciOiJIUzI1NiIsInR5cCI6IkpXVCJ9.eyJuYW1lIjoiYWRtaW4xIiwiZW1haWwiOiJhZG1pbkBnbWFpbC5jb20iLCJ1c2VySWQiOiI2OTYwOTczMmJiMjg4ODk0NmU5ZmZiZGMiLCJ1c2VyVHlwZSI6IjEiLCJpYXQiOjE3Njc5NTQ5NTAsImV4cCI6MTc2ODA0MTM1MH0.17ckJZzXlc4nptMrYNII2VllZbYd7c9R-n9jPmkLIdc",
										"type": "text"
									}
								],
								"body": {
									"mode": "urlencoded",
									"urlencoded": [
										{
											"key": "seasonName",
											"value": "seasonal",
											"type": "text"
										}
									]
								},
								"url": {
									"raw": "{{baseURL}}/admin/season/Delete",
									"host": [
										"{{baseURL}}"
									],
									"path": [
										"admin",
										"season",
										"Delete"
									]
								}
							},
							"response": []
						}
					]
				},
				{
					"name": "auth",
					"item": [
						{
							"name": "softDelete",
							"request": {
								"method": "POST",
								"header": [
									{
										"key": "Authorization",
										"value": "eyJhbGciOiJIUzI1NiIsInR5cCI6IkpXVCJ9.eyJuYW1lIjoiYWRtaW4xIiwiZW1haWwiOiJhZG1pbkBnbWFpbC5jb20iLCJ1c2VySWQiOiI2OTYwOTczMmJiMjg4ODk0NmU5ZmZiZGMiLCJ1c2VyVHlwZSI6IjEiLCJpYXQiOjE3Njc5NTYzNDAsImV4cCI6MTc2ODA0Mjc0MH0.Su-pWtmA_MIPb9WWAFHNbYUfSGSVePBTkcNxHyUFgAY",
										"type": "text"
									}
								],
								"body": {
									"mode": "urlencoded",
									"urlencoded": [
										{
											"key": "email",
											"value": "farmer1234@gmail.com",
											"type": "text"
										}
									]
								},
								"url": {
									"raw": "{{baseURL}}/admin/user/softDelete",
									"host": [
										"{{baseURL}}"
									],
									"path": [
										"admin",
										"user",
										"softDelete"
									]
								}
							},
							"response": []
						},
						{
							"name": "delete",
							"request": {
								"method": "POST",
								"header": [
									{
										"key": "Authorization",
										"value": "eyJhbGciOiJIUzI1NiIsInR5cCI6IkpXVCJ9.eyJuYW1lIjoiYWRtaW4xIiwiZW1haWwiOiJhZG1pbkBnbWFpbC5jb20iLCJ1c2VySWQiOiI2OTYwOTczMmJiMjg4ODk0NmU5ZmZiZGMiLCJ1c2VyVHlwZSI6IjEiLCJpYXQiOjE3Njc5NTYzNDAsImV4cCI6MTc2ODA0Mjc0MH0.Su-pWtmA_MIPb9WWAFHNbYUfSGSVePBTkcNxHyUFgAY",
										"type": "text"
									}
								],
								"body": {
									"mode": "urlencoded",
									"urlencoded": [
										{
											"key": "email",
											"value": "test123@gmail.com",
											"type": "text"
										}
									]
								},
								"url": {
									"raw": "{{baseURL}}/admin/user/delete",
									"host": [
										"{{baseURL}}"
									],
									"path": [
										"admin",
										"user",
										"delete"
									]
								}
							},
							"response": []
						},
						{
							"name": "login",
							"request": {
								"auth": {
									"type": "noauth"
								},
								"method": "POST",
								"header": [],
								"body": {
									"mode": "urlencoded",
									"urlencoded": [
										{
											"key": "email",
											"value": "user1234@gmail.com",
											"type": "text"
										},
										{
											"key": "password",
											"value": "1234",
											"type": "text"
										}
									]
								},
								"url": {
									"raw": "http://localhost:3000/api/user/login",
									"protocol": "http",
									"host": [
										"localhost"
									],
									"port": "3000",
									"path": [
										"api",
										"user",
										"login"
									]
								}
							},
							"response": []
						}
					]
				},
				{
					"name": "Land",
					"item": [
						{
							"name": "softDelete",
							"request": {
								"method": "POST",
								"header": [
									{
										"key": "Authorization",
										"value": "eyJhbGciOiJIUzI1NiIsInR5cCI6IkpXVCJ9.eyJuYW1lIjoiYWRtaW4xIiwiZW1haWwiOiJhZG1pbkBnbWFpbC5jb20iLCJ1c2VySWQiOiI2OTYwOTczMmJiMjg4ODk0NmU5ZmZiZGMiLCJ1c2VyVHlwZSI6IjEiLCJpYXQiOjE3Njc5NTYzNDAsImV4cCI6MTc2ODA0Mjc0MH0.Su-pWtmA_MIPb9WWAFHNbYUfSGSVePBTkcNxHyUFgAY",
										"type": "text"
									}
								],
								"body": {
									"mode": "urlencoded",
									"urlencoded": [
										{
											"key": "farmerId",
											"value": "69609759bb2888946e9ffbdf",
											"type": "text"
										}
									]
								},
								"url": {
									"raw": "{{baseURL}}/admin/land/softDelete",
									"host": [
										"{{baseURL}}"
									],
									"path": [
										"admin",
										"land",
										"softDelete"
									]
								}
							},
							"response": []
						},
						{
							"name": "Delete",
							"request": {
								"method": "POST",
								"header": [
									{
										"key": "Authorization",
										"value": "eyJhbGciOiJIUzI1NiIsInR5cCI6IkpXVCJ9.eyJuYW1lIjoiYWRtaW4xIiwiZW1haWwiOiJhZG1pbkBnbWFpbC5jb20iLCJ1c2VySWQiOiI2OTYwOTczMmJiMjg4ODk0NmU5ZmZiZGMiLCJ1c2VyVHlwZSI6IjEiLCJpYXQiOjE3Njc5NTYzNDAsImV4cCI6MTc2ODA0Mjc0MH0.Su-pWtmA_MIPb9WWAFHNbYUfSGSVePBTkcNxHyUFgAY",
										"type": "text"
									}
								],
								"body": {
									"mode": "urlencoded",
									"urlencoded": [
										{
											"key": "farmerId",
											"value": "69609759bb2888946e9ffbdf",
											"type": "text"
										}
									]
								},
								"url": {
									"raw": "{{baseURL}}/admin/land/delete",
									"host": [
										"{{baseURL}}"
									],
									"path": [
										"admin",
										"land",
										"delete"
									]
								}
							},
							"response": []
						}
					]
				},
				{
					"name": "Booking",
					"item": [
						{
							"name": "softDelete",
							"request": {
								"method": "POST",
								"header": [
									{
										"key": "Authorization",
										"value": "eyJhbGciOiJIUzI1NiIsInR5cCI6IkpXVCJ9.eyJuYW1lIjoiYWRtaW4xIiwiZW1haWwiOiJhZG1pbkBnbWFpbC5jb20iLCJ1c2VySWQiOiI2OTYwOTczMmJiMjg4ODk0NmU5ZmZiZGMiLCJ1c2VyVHlwZSI6IjEiLCJpYXQiOjE3Njc5NTYzNDAsImV4cCI6MTc2ODA0Mjc0MH0.Su-pWtmA_MIPb9WWAFHNbYUfSGSVePBTkcNxHyUFgAY",
										"type": "text"
									}
								],
								"body": {
									"mode": "urlencoded",
									"urlencoded": [
										{
											"key": "userId",
											"value": "6960976cbb2888946e9ffbe2",
											"type": "text"
										}
									]
								},
								"url": {
									"raw": "{{baseURL}}/admin/booking/softDelete",
									"host": [
										"{{baseURL}}"
									],
									"path": [
										"admin",
										"booking",
										"softDelete"
									]
								}
							},
							"response": []
						},
						{
							"name": "delete",
							"request": {
								"method": "POST",
								"header": [
									{
										"key": "Authorization",
										"value": "eyJhbGciOiJIUzI1NiIsInR5cCI6IkpXVCJ9.eyJuYW1lIjoiYWRtaW4xIiwiZW1haWwiOiJhZG1pbkBnbWFpbC5jb20iLCJ1c2VySWQiOiI2OTYwOTczMmJiMjg4ODk0NmU5ZmZiZGMiLCJ1c2VyVHlwZSI6IjEiLCJpYXQiOjE3Njc5NTYzNDAsImV4cCI6MTc2ODA0Mjc0MH0.Su-pWtmA_MIPb9WWAFHNbYUfSGSVePBTkcNxHyUFgAY",
										"type": "text"
									}
								],
								"body": {
									"mode": "urlencoded",
									"urlencoded": [
										{
											"key": "userId",
											"value": "6960976cbb2888946e9ffbe2",
											"type": "text"
										}
									]
								},
								"url": {
									"raw": "{{baseURL}}/admin/booking/delete",
									"host": [
										"{{baseURL}}"
									],
									"path": [
										"admin",
										"booking",
										"delete"
									]
								}
							},
							"response": []
						}
					]
				},
				{
					"name": "all",
					"request": {
						"method": "POST",
						"header": [],
						"url": {
							"raw": "{{baseURL}}/api/user/all",
							"host": [
								"{{baseURL}}"
							],
							"path": [
								"api",
								"user",
								"all"
							]
						}
					},
					"response": []
				},
				{
					"name": "single",
					"request": {
						"method": "POST",
						"header": [],
						"body": {
							"mode": "urlencoded",
							"urlencoded": [
								{
									"key": "email",
									"value": "admin123@gmail.com",
									"type": "text"
								}
							]
						},
						"url": {
							"raw": "{{baseURL}}/api/user/single",
							"host": [
								"{{baseURL}}"
							],
							"path": [
								"api",
								"user",
								"single"
							]
						}
					},
					"response": []
				},
				{
					"name": "update",
					"request": {
						"method": "POST",
						"header": [],
						"body": {
							"mode": "urlencoded",
							"urlencoded": [
								{
									"key": "email",
									"value": "user1234@gmail.com",
									"type": "text"
								},
								{
									"key": "name",
									"value": "user2",
									"type": "text"
								},
								{
									"key": "contact",
									"value": "",
									"type": "text"
								}
							]
						},
						"url": {
							"raw": "{{baseURL}}/api/user/update",
							"host": [
								"{{baseURL}}"
							],
							"path": [
								"api",
								"user",
								"update"
							]
						}
					},
					"response": []
				}
			]
		},
		{
			"name": "Farmer",
			"item": [
				{
					"name": "Land",
					"item": [
						{
							"name": "land/add",
							"request": {
								"auth": {
									"type": "noauth"
								},
								"method": "POST",
								"header": [
									{
										"key": "Authorization",
										"value": "eyJhbGciOiJIUzI1NiIsInR5cCI6IkpXVCJ9.eyJuYW1lIjoiZmFybWVyMiIsImVtYWlsIjoiZmFybWVyMTIzNEBnbWFpbC5jb20iLCJ1c2VySWQiOiI2OTYwZDZiZmFiOWUyZDRkYTA0YTE2ZWIiLCJ1c2VyVHlwZSI6IjIiLCJpYXQiOjE3NjgwMTk1NTQsImV4cCI6MTc2ODEwNTk1NH0.kcqSY5ymlpzh8N4lSzFG94MucR_YjAwM1m_JIiBbAUg",
										"type": "text"
									}
								],
								"body": {
									"mode": "urlencoded",
									"urlencoded": [
										{
											"key": "area",
											"value": "100",
											"type": "text"
										},
										{
											"key": "price",
											"value": "10000",
											"type": "text"
										},
										{
											"key": "landAvailability",
											"value": "available",
											"type": "text"
										},
										{
											"key": "ULPIN",
											"value": "12345678912344",
											"type": "text"
										}
									]
								},
								"url": {
									"raw": "{{baseURL}}/farmer/land/add",
									"host": [
										"{{baseURL}}"
									],
									"path": [
										"farmer",
										"land",
										"add"
									]
								}
							},
							"response": []
						},
						{
							"name": "update",
							"request": {
								"method": "POST",
								"header": [
									{
										"key": "Authorization",
										"value": "eyJhbGciOiJIUzI1NiIsInR5cCI6IkpXVCJ9.eyJuYW1lIjoiZmFybWVyMiIsImVtYWlsIjoiZmFybWVyMTIzNEBnbWFpbC5jb20iLCJ1c2VySWQiOiI2OTYwZDZiZmFiOWUyZDRkYTA0YTE2ZWIiLCJ1c2VyVHlwZSI6IjIiLCJpYXQiOjE3NjgwMTk1NTQsImV4cCI6MTc2ODEwNTk1NH0.kcqSY5ymlpzh8N4lSzFG94MucR_YjAwM1m_JIiBbAUg",
										"type": "text"
									}
								],
								"body": {
									"mode": "urlencoded",
									"urlencoded": [
										{
											"key": "area",
											"value": "100",
											"type": "text"
										},
										{
											"key": "price",
											"value": "10000",
											"type": "text"
										},
										{
											"key": "landAvailability",
											"value": "available",
											"type": "text"
										},
										{
											"key": "farmerId",
											"value": "6960d6bfab9e2d4da04a16eb",
											"type": "text"
										}
									]
								},
								"url": {
									"raw": "{{baseURL}}/farmer/land/update",
									"host": [
										"{{baseURL}}"
									],
									"path": [
										"farmer",
										"land",
										"update"
									]
								}
							},
							"response": []
						}
					]
				},
				{
					"name": "Crrop",
					"item": [
						{
							"name": "crop/add",
							"request": {
								"auth": {
									"type": "noauth"
								},
								"method": "POST",
								"header": [
									{
										"key": "Authorization",
										"value": "eyJhbGciOiJIUzI1NiIsInR5cCI6IkpXVCJ9.eyJuYW1lIjoiZmFybWVyMSIsImVtYWlsIjoiZmFybWVyMTIzQGdtYWlsLmNvbSIsInVzZXJJZCI6IjY5NjA5NzU5YmIyODg4OTQ2ZTlmZmJkZiIsInVzZXJUeXBlIjoiMiIsImlhdCI6MTc2Nzk1NTkyMSwiZXhwIjoxNzY4MDQyMzIxfQ.VHDLkN-LiBx8vloTDv3umvZchL5_M3bfPvdbneJGCO4",
										"type": "text"
									}
								],
								"body": {
									"mode": "urlencoded",
									"urlencoded": [
										{
											"key": "seasonId",
											"value": "6960a52a8cc4639b6c98b033",
											"type": "text"
										},
										{
											"key": "cropName",
											"value": "litchisss",
											"type": "text"
										},
										{
											"key": "description",
											"value": "litchi is a summer fruit",
											"type": "text"
										},
										{
											"key": "duration",
											"value": "5",
											"type": "text"
										}
									]
								},
								"url": {
									"raw": "{{baseURL}}/farmer/crop/add",
									"host": [
										"{{baseURL}}"
									],
									"path": [
										"farmer",
										"crop",
										"add"
									]
								}
							},
							"response": []
						},
						{
							"name": "update",
							"request": {
								"auth": {
									"type": "noauth"
								},
								"method": "POST",
								"header": [
									{
										"key": "Authorization",
										"value": "eyJhbGciOiJIUzI1NiIsInR5cCI6IkpXVCJ9.eyJuYW1lIjoiZmFybWVyMSIsImVtYWlsIjoiZmFybWVyMTIzQGdtYWlsLmNvbSIsInVzZXJJZCI6IjY5NjA5NzU5YmIyODg4OTQ2ZTlmZmJkZiIsInVzZXJUeXBlIjoiMiIsImlhdCI6MTc2Nzk1NTkyMSwiZXhwIjoxNzY4MDQyMzIxfQ.VHDLkN-LiBx8vloTDv3umvZchL5_M3bfPvdbneJGCO4",
										"type": "text"
									}
								],
								"body": {
									"mode": "urlencoded",
									"urlencoded": [
										{
											"key": "cropName",
											"value": "",
											"type": "text"
										},
										{
											"key": "description",
											"value": "banana is seasonal vegetable",
											"type": "text"
										},
										{
											"key": "duration",
											"value": "12",
											"type": "text"
										}
									]
								},
								"url": {
									"raw": "http://localhost:3000/farmer/crop/update",
									"protocol": "http",
									"host": [
										"localhost"
									],
									"port": "3000",
									"path": [
										"farmer",
										"crop",
										"update"
									]
								}
							},
							"response": []
						},
						{
							"name": "softDelete",
							"request": {
								"method": "POST",
								"header": [
									{
										"key": "Authorization",
										"value": "eyJhbGciOiJIUzI1NiIsInR5cCI6IkpXVCJ9.eyJuYW1lIjoiZmFybWVyMSIsImVtYWlsIjoiZmFybWVyMTIzQGdtYWlsLmNvbSIsInVzZXJJZCI6IjY5NjA5NzU5YmIyODg4OTQ2ZTlmZmJkZiIsInVzZXJUeXBlIjoiMiIsImlhdCI6MTc2Nzk1NTkyMSwiZXhwIjoxNzY4MDQyMzIxfQ.VHDLkN-LiBx8vloTDv3umvZchL5_M3bfPvdbneJGCO4",
										"type": "text"
									}
								],
								"body": {
									"mode": "urlencoded",
									"urlencoded": [
										{
											"key": "cropName",
											"value": "banana",
											"type": "text"
										}
									]
								},
								"url": {
									"raw": "http://localhost:3000/farmer/crop/softDelete",
									"protocol": "http",
									"host": [
										"localhost"
									],
									"port": "3000",
									"path": [
										"farmer",
										"crop",
										"softDelete"
									]
								}
							},
							"response": []
						},
						{
							"name": "delete",
							"request": {
								"method": "POST",
								"header": [
									{
										"key": "Authorization",
										"value": "eyJhbGciOiJIUzI1NiIsInR5cCI6IkpXVCJ9.eyJuYW1lIjoiZmFybWVyMSIsImVtYWlsIjoiZmFybWVyMTIzQGdtYWlsLmNvbSIsInVzZXJJZCI6IjY5NjA5NzU5YmIyODg4OTQ2ZTlmZmJkZiIsInVzZXJUeXBlIjoiMiIsImlhdCI6MTc2Nzk1NTkyMSwiZXhwIjoxNzY4MDQyMzIxfQ.VHDLkN-LiBx8vloTDv3umvZchL5_M3bfPvdbneJGCO4",
										"type": "text"
									}
								],
								"body": {
									"mode": "urlencoded",
									"urlencoded": [
										{
											"key": "cropName",
											"value": "litchis",
											"type": "text"
										}
									]
								},
								"url": {
									"raw": "http://localhost:3000/farmer/crop/Delete",
									"protocol": "http",
									"host": [
										"localhost"
									],
									"port": "3000",
									"path": [
										"farmer",
										"crop",
										"Delete"
									]
								}
							},
							"response": []
						}
					]
				},
				{
					"name": "FarmingProgress",
					"item": [
						{
							"name": "add",
							"request": {
								"auth": {
									"type": "noauth"
								},
								"method": "POST",
								"header": [
									{
										"key": "Authorization",
										"value": "eyJhbGciOiJIUzI1NiIsInR5cCI6IkpXVCJ9.eyJuYW1lIjoiZmFybWVyMSIsImVtYWlsIjoiZmFybWVyMTIzQGdtYWlsLmNvbSIsInVzZXJJZCI6IjY5NjA5NzU5YmIyODg4OTQ2ZTlmZmJkZiIsInVzZXJUeXBlIjoiMiIsImlhdCI6MTc2Nzk1NTkyMSwiZXhwIjoxNzY4MDQyMzIxfQ.VHDLkN-LiBx8vloTDv3umvZchL5_M3bfPvdbneJGCO4",
										"type": "text"
									}
								],
								"body": {
									"mode": "urlencoded",
									"urlencoded": [
										{
											"key": "bookingId",
											"value": "6961dd8749822a86c0646415",
											"type": "text"
										},
										{
											"key": "progressStage",
											"value": "germination",
											"type": "text"
										},
										{
											"key": "description",
											"value": "seed are germinating",
											"type": "text"
										}
									]
								},
								"url": {
									"raw": "{{baseURL}}/farmer/progress/add",
									"host": [
										"{{baseURL}}"
									],
									"path": [
										"farmer",
										"progress",
										"add"
									]
								}
							},
							"response": []
						},
						{
							"name": "update",
							"request": {
								"auth": {
									"type": "noauth"
								},
								"method": "POST",
								"header": [
									{
										"key": "Authorization",
										"value": "eyJhbGciOiJIUzI1NiIsInR5cCI6IkpXVCJ9.eyJuYW1lIjoiZmFybWVyMSIsImVtYWlsIjoiZmFybWVyMTIzQGdtYWlsLmNvbSIsInVzZXJJZCI6IjY5NjA5NzU5YmIyODg4OTQ2ZTlmZmJkZiIsInVzZXJUeXBlIjoiMiIsImlhdCI6MTc2Nzk1NTkyMSwiZXhwIjoxNzY4MDQyMzIxfQ.VHDLkN-LiBx8vloTDv3umvZchL5_M3bfPvdbneJGCO4",
										"type": "text"
									}
								],
								"body": {
									"mode": "urlencoded",
									"urlencoded": [
										{
											"key": "bookingId",
											"value": "6960edc6d9cf5ae98b894d18",
											"type": "text"
										},
										{
											"key": "progressStage",
											"value": "seedlings",
											"type": "text"
										},
										{
											"key": "description",
											"value": "ddd",
											"type": "text"
										}
									]
								},
								"url": {
									"raw": "{{baseURL}}/farmer/progress/update",
									"host": [
										"{{baseURL}}"
									],
									"path": [
										"farmer",
										"progress",
										"update"
									]
								}
							},
							"response": []
						},
						{
							"name": "softDelete",
							"request": {
								"auth": {
									"type": "noauth"
								},
								"method": "POST",
								"header": [
									{
										"key": "Authorization",
										"value": "eyJhbGciOiJIUzI1NiIsInR5cCI6IkpXVCJ9.eyJuYW1lIjoiZmFybWVyMSIsImVtYWlsIjoiZmFybWVyMTIzQGdtYWlsLmNvbSIsInVzZXJJZCI6IjY5NjA5NzU5YmIyODg4OTQ2ZTlmZmJkZiIsInVzZXJUeXBlIjoiMiIsImlhdCI6MTc2Nzk1NTkyMSwiZXhwIjoxNzY4MDQyMzIxfQ.VHDLkN-LiBx8vloTDv3umvZchL5_M3bfPvdbneJGCO4",
										"type": "text"
									}
								],
								"body": {
									"mode": "urlencoded",
									"urlencoded": [
										{
											"key": "bookingId",
											"value": "6960edc6d9cf5ae98b894d18",
											"type": "text"
										}
									]
								},
								"url": {
									"raw": "{{baseURL}}/farmer/progress/softDelete",
									"host": [
										"{{baseURL}}"
									],
									"path": [
										"farmer",
										"progress",
										"softDelete"
									]
								}
							},
							"response": []
						},
						{
							"name": "delete",
							"request": {
								"auth": {
									"type": "noauth"
								},
								"method": "POST",
								"header": [
									{
										"key": "Authorization",
										"value": "eyJhbGciOiJIUzI1NiIsInR5cCI6IkpXVCJ9.eyJuYW1lIjoiZmFybWVyMSIsImVtYWlsIjoiZmFybWVyMTIzQGdtYWlsLmNvbSIsInVzZXJJZCI6IjY5NjA5NzU5YmIyODg4OTQ2ZTlmZmJkZiIsInVzZXJUeXBlIjoiMiIsImlhdCI6MTc2Nzk1NTkyMSwiZXhwIjoxNzY4MDQyMzIxfQ.VHDLkN-LiBx8vloTDv3umvZchL5_M3bfPvdbneJGCO4",
										"type": "text"
									}
								],
								"body": {
									"mode": "urlencoded",
									"urlencoded": [
										{
											"key": "bookingId",
											"value": "6960edc6d9cf5ae98b894d18",
											"type": "text"
										}
									]
								},
								"url": {
									"raw": "{{baseURL}}/farmer/progress/delete",
									"host": [
										"{{baseURL}}"
									],
									"path": [
										"farmer",
										"progress",
										"delete"
									]
								}
							},
							"response": []
						}
					]
				},
				{
					"name": "auth",
					"item": [
						{
							"name": "login Copy",
							"request": {
								"auth": {
									"type": "noauth"
								},
								"method": "POST",
								"header": [],
								"body": {
									"mode": "urlencoded",
									"urlencoded": [
										{
											"key": "email",
											"value": "test123@gmail.com",
											"type": "text"
										},
										{
											"key": "password",
											"value": "123",
											"type": "text"
										}
									]
								},
								"url": {
									"raw": "{{baseURL}}/api/user/login",
									"host": [
										"{{baseURL}}"
									],
									"path": [
										"api",
										"user",
										"login"
									]
								}
							},
							"response": []
						},
						{
							"name": "farmerregister",
							"request": {
								"auth": {
									"type": "noauth"
								},
								"method": "POST",
								"header": [],
								"body": {
									"mode": "urlencoded",
									"urlencoded": [
										{
											"key": "name",
											"value": "farmer2",
											"type": "text"
										},
										{
											"key": "email",
											"value": "farmer1234@gmail.com",
											"type": "text"
										},
										{
											"key": "password",
											"value": "1234",
											"type": "text"
										},
										{
											"key": "contact",
											"value": "123456789",
											"type": "text"
										}
									]
								},
								"url": {
									"raw": "{{baseURL}}/api/user/farmerregister",
									"host": [
										"{{baseURL}}"
									],
									"path": [
										"api",
										"user",
										"farmerregister"
									]
								}
							},
							"response": []
						}
					]
				}
			]
		},
		{
			"name": "User",
			"item": [
				{
					"name": "Booking",
					"item": [
						{
							"name": "add",
							"request": {
								"auth": {
									"type": "noauth"
								},
								"method": "POST",
								"header": [
									{
										"key": "Authorization",
										"value": "eyJhbGciOiJIUzI1NiIsInR5cCI6IkpXVCJ9.eyJuYW1lIjoidXNlcjIiLCJlbWFpbCI6InVzZXIxMjM0QGdtYWlsLmNvbSIsInVzZXJJZCI6IjY5NjBkNzExZTMxZGU3MDRiOTRhNGU1YSIsInVzZXJUeXBlIjoiMyIsImlhdCI6MTc2ODAyMDU3NCwiZXhwIjoxNzY4MTA2OTc0fQ.lrMOqNNfGEOp7yv2pILXKJitSodkwmiZVPatZo18FkM",
										"type": "text"
									}
								],
								"body": {
									"mode": "urlencoded",
									"urlencoded": [
										{
											"key": "amount",
											"value": "12000",
											"type": "text"
										},
										{
											"key": "landId",
											"value": "6960a1065d351883e5b498fa",
											"type": "text"
										},
										{
											"key": "cropId",
											"value": "696099db9913daa698b09218",
											"type": "text"
										},
										{
											"key": "seasonId",
											"value": "6960994900d5a2c707b10899",
											"type": "text"
										}
									]
								},
								"url": {
									"raw": "{{baseURL}}/user/booking/add",
									"host": [
										"{{baseURL}}"
									],
									"path": [
										"user",
										"booking",
										"add"
									]
								}
							},
							"response": []
						},
						{
							"name": "update",
							"request": {
								"method": "POST",
								"header": [
									{
										"key": "Authorization",
										"value": "eyJhbGciOiJIUzI1NiIsInR5cCI6IkpXVCJ9.eyJuYW1lIjoidXNlcjIiLCJlbWFpbCI6InVzZXIxMjM0QGdtYWlsLmNvbSIsInVzZXJJZCI6IjY5NjBkNzExZTMxZGU3MDRiOTRhNGU1YSIsInVzZXJUeXBlIjoiMyIsImlhdCI6MTc2ODAyMDU3NCwiZXhwIjoxNzY4MTA2OTc0fQ.lrMOqNNfGEOp7yv2pILXKJitSodkwmiZVPatZo18FkM",
										"type": "text"
									}
								],
								"body": {
									"mode": "urlencoded",
									"urlencoded": [
										{
											"key": "userId",
											"value": "6960976cbb2888946e9ffbe2",
											"type": "text"
										},
										{
											"key": "amount",
											"value": "160000",
											"type": "text"
										}
									]
								},
								"url": {
									"raw": "{{baseURL}}/user/booking/update",
									"host": [
										"{{baseURL}}"
									],
									"path": [
										"user",
										"booking",
										"update"
									]
								}
							},
							"response": []
						}
					]
				},
				{
					"name": "auth",
					"item": [
						{
							"name": "userregister",
							"request": {
								"auth": {
									"type": "noauth"
								},
								"method": "POST",
								"header": [],
								"body": {
									"mode": "urlencoded",
									"urlencoded": [
										{
											"key": "name",
											"value": "test",
											"type": "text"
										},
										{
											"key": "email",
											"value": "test123@gmail.com",
											"type": "text"
										},
										{
											"key": "password",
											"value": "123",
											"type": "text"
										},
										{
											"key": "contact",
											"value": "12345678321",
											"type": "text"
										}
									]
								},
								"url": {
									"raw": "http://localhost:3000/user/user/register",
									"protocol": "http",
									"host": [
										"localhost"
									],
									"port": "3000",
									"path": [
										"user",
										"user",
										"register"
									]
								}
							},
							"response": []
						},
						{
							"name": "login Copy",
							"request": {
								"auth": {
									"type": "noauth"
								},
								"method": "POST",
								"header": [],
								"body": {
									"mode": "urlencoded",
									"urlencoded": [
										{
											"key": "email",
											"value": "test123@gmail.com",
											"type": "text"
										},
										{
											"key": "password",
											"value": "123",
											"type": "text"
										}
									]
								},
								"url": {
									"raw": "{{baseURL}}/api/user/login",
									"host": [
										"{{baseURL}}"
									],
									"path": [
										"api",
										"user",
										"login"
									]
								}
							},
							"response": []
						}
					]
				}
			]
		},
		{
			"name": "Common apis",
			"item": [
				{
					"name": "Crop",
					"item": [
						{
							"name": "all",
							"request": {
								"auth": {
									"type": "noauth"
								},
								"method": "POST",
								"header": [
									{
										"key": "Authorization",
										"value": "",
										"type": "text",
										"disabled": true
									}
								],
								"url": {
									"raw": "{{baseURL}}/farmer/crop/all",
									"host": [
										"{{baseURL}}"
									],
									"path": [
										"farmer",
										"crop",
										"all"
									]
								}
							},
							"response": []
						},
						{
							"name": "single",
							"request": {
								"auth": {
									"type": "noauth"
								},
								"method": "POST",
								"header": [],
								"body": {
									"mode": "urlencoded",
									"urlencoded": [
										{
											"key": "cropName",
											"value": "fenugreek",
											"type": "text"
										}
									]
								},
								"url": {
									"raw": "{{baseURL}}/api/crop/single",
									"host": [
										"{{baseURL}}"
									],
									"path": [
										"api",
										"crop",
										"single"
									]
								}
							},
							"response": []
						}
					]
				},
				{
					"name": "login___register",
					"item": [
						{
							"name": "login Copy",
							"request": {
								"auth": {
									"type": "noauth"
								},
								"method": "POST",
								"header": [],
								"body": {
									"mode": "urlencoded",
									"urlencoded": [
										{
											"key": "email",
											"value": "test123@gmail.com",
											"type": "text"
										},
										{
											"key": "password",
											"value": "123",
											"type": "text"
										}
									]
								},
								"url": {
									"raw": "{{baseURL}}/api/user/login",
									"host": [
										"{{baseURL}}"
									],
									"path": [
										"api",
										"user",
										"login"
									]
								}
							},
							"response": []
						}
					]
				},
				{
					"name": "Season",
					"item": [
						{
							"name": "all",
							"request": {
								"auth": {
									"type": "noauth"
								},
								"method": "POST",
								"header": [],
								"url": {
									"raw": "{{baseURL}}/api/season/all",
									"host": [
										"{{baseURL}}"
									],
									"path": [
										"api",
										"season",
										"all"
									]
								}
							},
							"response": []
						},
						{
							"name": "single",
							"request": {
								"method": "POST",
								"header": [],
								"body": {
									"mode": "urlencoded",
									"urlencoded": [
										{
											"key": "seasonName",
											"value": "winter",
											"type": "text"
										}
									]
								},
								"url": {
									"raw": "{{baseURL}}/api/season/single",
									"host": [
										"{{baseURL}}"
									],
									"path": [
										"api",
										"season",
										"single"
									]
								}
							},
							"response": []
						}
					]
				},
				{
					"name": "Land",
					"item": [
						{
							"name": "all",
							"request": {
								"method": "POST",
								"header": [],
								"url": {
									"raw": "{{baseURL}}/api/land/all",
									"host": [
										"{{baseURL}}"
									],
									"path": [
										"api",
										"land",
										"all"
									]
								}
							},
							"response": []
						},
						{
							"name": "single",
							"request": {
								"method": "POST",
								"header": [],
								"body": {
									"mode": "urlencoded",
									"urlencoded": [
										{
											"key": "ULPIN",
											"value": "12345678912344",
											"type": "text"
										}
									]
								},
								"url": {
									"raw": "{{baseURL}}/api/land/single",
									"host": [
										"{{baseURL}}"
									],
									"path": [
										"api",
										"land",
										"single"
									]
								}
							},
							"response": []
						}
					]
				},
				{
					"name": "Booking",
					"item": [
						{
							"name": "all",
							"request": {
								"method": "POST",
								"header": [],
								"url": {
									"raw": "{{baseURL}}/api/booking/all",
									"host": [
										"{{baseURL}}"
									],
									"path": [
										"api",
										"booking",
										"all"
									]
								}
							},
							"response": []
						},
						{
							"name": "single",
							"request": {
								"method": "POST",
								"header": [],
								"body": {
									"mode": "urlencoded",
									"urlencoded": [
										{
											"key": "userId",
											"value": "6960976cbb2888946e9ffbe2",
											"type": "text"
										}
									]
								},
								"url": {
									"raw": "{{baseURL}}/api/booking/single",
									"host": [
										"{{baseURL}}"
									],
									"path": [
										"api",
										"booking",
										"single"
									]
								}
							},
							"response": []
						}
					]
				},
				{
					"name": "Progress",
					"item": [
						{
							"name": "all",
							"request": {
								"auth": {
									"type": "noauth"
								},
								"method": "POST",
								"header": [
									{
										"key": "Authorization",
										"value": "eyJhbGciOiJIUzI1NiIsInR5cCI6IkpXVCJ9.eyJuYW1lIjoiZmFybWVyMSIsImVtYWlsIjoiZmFybWVyMTIzQGdtYWlsLmNvbSIsInVzZXJJZCI6IjY5NjA5NzU5YmIyODg4OTQ2ZTlmZmJkZiIsInVzZXJUeXBlIjoiMiIsImlhdCI6MTc2Nzk1NTkyMSwiZXhwIjoxNzY4MDQyMzIxfQ.VHDLkN-LiBx8vloTDv3umvZchL5_M3bfPvdbneJGCO4",
										"type": "text"
									}
								],
								"url": {
									"raw": "{{baseURL}}/api/progress/all",
									"host": [
										"{{baseURL}}"
									],
									"path": [
										"api",
										"progress",
										"all"
									]
								}
							},
							"response": []
						},
						{
							"name": "single",
							"request": {
								"auth": {
									"type": "noauth"
								},
								"method": "POST",
								"header": [
									{
										"key": "Authorization",
										"value": "eyJhbGciOiJIUzI1NiIsInR5cCI6IkpXVCJ9.eyJuYW1lIjoiZmFybWVyMSIsImVtYWlsIjoiZmFybWVyMTIzQGdtYWlsLmNvbSIsInVzZXJJZCI6IjY5NjA5NzU5YmIyODg4OTQ2ZTlmZmJkZiIsInVzZXJUeXBlIjoiMiIsImlhdCI6MTc2Nzk1NTkyMSwiZXhwIjoxNzY4MDQyMzIxfQ.VHDLkN-LiBx8vloTDv3umvZchL5_M3bfPvdbneJGCO4",
										"type": "text"
									}
								],
								"body": {
									"mode": "urlencoded",
									"urlencoded": [
										{
											"key": "bookingId",
											"value": "6960edc6d9cf5ae98b894d18",
											"type": "text"
										}
									]
								},
								"url": {
									"raw": "{{baseURL}}/api/progress/single",
									"host": [
										"{{baseURL}}"
									],
									"path": [
										"api",
										"progress",
										"single"
									]
								}
							},
							"response": []
						}
					]
				}
			]
		}
	],
	"variable": [
		{
			"key": "baseURL",
			"value": "",
			"type": "default"
		}
	]
}